"","X1","school","year","coaches","wins","talent","color","conference"
"1",1,"Boston College",2015,"Steve Addazio",3,"534.60","#88001a","ACC"
"2",2,"Boston College",2016,"Steve Addazio",7,"533.39","#88001a","ACC"
"3",3,"Boston College",2017,"Steve Addazio",7,"535.21","#88001a","ACC"
"4",4,"Boston College",2018,"Steve Addazio",7,"533.43","#88001a","ACC"
"5",5,"Boston College",2019,"Steve Addazio",6,"564.95","#88001a","ACC"
"6",6,"Oregon State",2015,"Gary Andersen",2,"544.66","#c34500","Pac-12"
"7",7,"Oregon State",2016,"Gary Andersen",4,"524.89","#c34500","Pac-12"
"8",8,"Oregon State",2017,"Gary Andersen, Cory Hall",1,"557.02","#c34500","Pac-12"
"9",NA,"Oregon State",2018,"Jonathan Smith",2,"535.36","#c34500","Pac-12"
"10",9,"Oregon State",2019,"Jonathan Smith",5,"595.50","#c34500","Pac-12"
"11",10,"Arkansas State",2015,"Blake Anderson",9,"408.08","#e81018","Sun Belt"
"12",11,"Arkansas State",2016,"Blake Anderson",8,"471.45","#e81018","Sun Belt"
"13",12,"Arkansas State",2017,"Blake Anderson",7,"436.05","#e81018","Sun Belt"
"14",13,"Arkansas State",2018,"Blake Anderson",8,"433.73","#e81018","Sun Belt"
"15",14,"Arkansas State",2019,"Blake Anderson",8,"447.87","#e81018","Sun Belt"
"16",15,"Bowling Green",2015,"Dino Babers",10,"433.59","#2b1000","Mid-American"
"17",16,"Bowling Green",2016,"Mike Jinks",4,"392.66","#2b1000","Mid-American"
"18",17,"Bowling Green",2017,"Mike Jinks",2,"361.82","#2b1000","Mid-American"
"19",18,"Bowling Green",2018,"Mike Jinks, Carl Pelini",3,"375.14","#2b1000","Mid-American"
"20",19,"Bowling Green",2019,"Scot Loeffler",3,"315.44","#2b1000","Mid-American"
"21",20,"Rice",2015,"David Bailiff",5,"399.58","#003D7D","Conference USA"
"22",21,"Rice",2016,"David Bailiff",3,"394.83","#003D7D","Conference USA"
"23",22,"Rice",2017,"David Bailiff",1,"345.79","#003D7D","Conference USA"
"24",23,"Rice",2018,"Mike Bloomgren",2,"375.12","#003D7D","Conference USA"
"25",24,"Rice",2019,"Mike Bloomgren",3,"397.04","#003D7D","Conference USA"
"26",25,"Virginia Tech",2015,"Frank Beamer",7,"658.38","#74232D","ACC"
"27",26,"Virginia Tech",2016,"Justin Fuente",10,"646.82","#74232D","ACC"
"28",27,"Virginia Tech",2017,"Justin Fuente",9,"662.18","#74232D","ACC"
"29",28,"Virginia Tech",2018,"Justin Fuente",6,"675.71","#74232D","ACC"
"30",29,"Virginia Tech",2019,"Justin Fuente",8,"696.39","#74232D","ACC"
"31",30,"Kansas",2015,"David Beaty",0,"499.97","#0022B4","Big 12"
"32",31,"Kansas",2016,"David Beaty",2,"491.00","#0022B4","Big 12"
"33",32,"Kansas",2017,"David Beaty",1,"512.24","#0022B4","Big 12"
"34",33,"Kansas",2018,"David Beaty",3,"517.10","#0022B4","Big 12"
"35",34,"Kansas",2019,"Les Miles",3,"528.62","#0022B4","Big 12"
"36",35,"Arkansas",2015,"Bret Bielema",8,"695.04","#9c1831","SEC"
"37",36,"Arkansas",2016,"Bret Bielema",7,"689.41","#9c1831","SEC"
"38",37,"Arkansas",2017,"Bret Bielema",4,"717.01","#9c1831","SEC"
"39",38,"Arkansas",2018,"Chad Morris",2,"694.63","#9c1831","SEC"
"40",39,"Arkansas",2019,"Barry Lunney Jr., Chad Morris",2,"707.72","#9c1831","SEC"
"41",40,"Colorado State",2015,"Mike Bobo",7,"389.10","#004537","Mountain West"
"42",41,"Colorado State",2016,"Mike Bobo",7,"412.28","#004537","Mountain West"
"43",42,"Colorado State",2017,"Mike Bobo",7,"441.98","#004537","Mountain West"
"44",43,"Colorado State",2018,"Mike Bobo",3,"479.97","#004537","Mountain West"
"45",44,"Colorado State",2019,"Mike Bobo",4,"518.83","#004537","Mountain West"
"46",45,"Wyoming",2015,"Craig Bohl",2,"314.72","#533B22","Mountain West"
"47",46,"Wyoming",2016,"Craig Bohl",8,"316.18","#533B22","Mountain West"
"48",47,"Wyoming",2017,"Craig Bohl",8,"277.07","#533B22","Mountain West"
"49",48,"Wyoming",2018,"Craig Bohl",6,"348.34","#533B22","Mountain West"
"50",49,"Wyoming",2019,"Craig Bohl",8,"397.90","#533B22","Mountain West"
"51",50,"Central Michigan",2015,"John Bonamego",7,"376.81","#6a0032","Mid-American"
"52",51,"Central Michigan",2016,"John Bonamego",6,"391.81","#6a0032","Mid-American"
"53",52,"Central Michigan",2017,"John Bonamego",8,"387.20","#6a0032","Mid-American"
"54",53,"Central Michigan",2018,"John Bonamego",1,"413.60","#6a0032","Mid-American"
"55",54,"Central Michigan",2019,"Jim McElwain",8,"416.63","#6a0032","Mid-American"
"56",55,"Akron",2015,"Terry Bowden",8,"412.65","#00285e","Mid-American"
"57",56,"Akron",2016,"Terry Bowden",5,"443.73","#00285e","Mid-American"
"58",57,"Akron",2017,"Terry Bowden",7,"337.11","#00285e","Mid-American"
"59",58,"Akron",2018,"Terry Bowden",4,"361.00","#00285e","Mid-American"
"60",59,"Akron",2019,"Tom Arth",0,"312.81","#00285e","Mid-American"
"61",60,"Baylor",2015,"Art Briles",10,"660.35","#004834","Big 12"
"62",61,"Baylor",2016,"Jim Grobe",7,"619.18","#004834","Big 12"
"63",62,"Baylor",2017,"Matt Rhule",1,"657.22","#004834","Big 12"
"64",63,"Baylor",2018,"Matt Rhule",7,"668.37","#004834","Big 12"
"65",64,"Baylor",2019,"Matt Rhule",11,"668.90","#004834","Big 12"
"66",65,"Western Kentucky",2015,"Jeff Brohm",12,"353.50","#F32026","Conference USA"
"67",66,"Western Kentucky",2016,"Jeff Brohm",10,"401.82","#F32026","Conference USA"
"68",67,"Western Kentucky",2017,"Mike Sanford",6,"332.17","#F32026","Conference USA"
"69",68,"Western Kentucky",2018,"Bobby Petrino, Mike Sanford",5,"353.43","#F32026","Conference USA"
"70",69,"Western Kentucky",2019,"Tyson Helton",9,"486.97","#F32026","Conference USA"
"71",70,"Troy",2015,"Neal Brown",4,"335.43","#AE0210","Sun Belt"
"72",71,"Troy",2016,"Neal Brown",10,"390.47","#AE0210","Sun Belt"
"73",72,"Troy",2017,"Neal Brown",11,"352.10","#AE0210","Sun Belt"
"74",73,"Troy",2018,"Neal Brown",10,"352.36","#AE0210","Sun Belt"
"75",74,"Troy",2019,"Chip Lindsey",5,"388.67","#AE0210","Sun Belt"
"76",75,"Air Force",2015,"Troy Calhoun",8,"70.95","#004a7b","Mountain West"
"77",76,"Air Force",2016,"Troy Calhoun",10,"44.58","#004a7b","Mountain West"
"78",77,"Air Force",2017,"Troy Calhoun",5,"21.10","#004a7b","Mountain West"
"79",78,"Air Force",2018,"Troy Calhoun",5,"186.27","#004a7b","Mountain West"
"80",79,"Air Force",2019,"Troy Calhoun",11,"151.86","#004a7b","Mountain West"
"81",80,"Toledo",2015,"Matt Campbell, Jason Candle",10,"429.03","#00488F","Mid-American"
"82",81,"Toledo",2016,"Jason Candle",9,"460.86","#00488F","Mid-American"
"83",82,"Toledo",2017,"Jason Candle",11,"366.47","#00488F","Mid-American"
"84",83,"Toledo",2018,"Jason Candle",7,"463.96","#00488F","Mid-American"
"85",84,"Toledo",2019,"Jason Candle",6,"451.43","#00488F","Mid-American"
"86",85,"Northern Illinois",2015,"Rod Carey",8,"380.69","#F1122C","Mid-American"
"87",86,"Northern Illinois",2016,"Rod Carey",5,"403.27","#F1122C","Mid-American"
"88",87,"Northern Illinois",2017,"Rod Carey",8,"373.99","#F1122C","Mid-American"
"89",88,"Northern Illinois",2018,"Rod Carey",8,"432.31","#F1122C","Mid-American"
"90",89,"Northern Illinois",2019,"Thomas Hammock",5,"397.98","#F1122C","Mid-American"
"91",90,"Wisconsin",2015,"Paul Chryst",10,"635.77","#A00001","Big Ten"
"92",91,"Wisconsin",2016,"Paul Chryst",11,"643.76","#A00001","Big Ten"
"93",92,"Wisconsin",2017,"Paul Chryst",13,"639.76","#A00001","Big Ten"
"94",93,"Wisconsin",2018,"Paul Chryst",8,"653.50","#A00001","Big Ten"
"95",94,"Wisconsin",2019,"Paul Chryst",10,"675.80","#A00001","Big Ten"
"96",95,"Wake Forest",2015,"Dave Clawson",3,"497.48","#9E7E38","ACC"
"97",96,"Wake Forest",2016,"Dave Clawson",7,"517.63","#9E7E38","ACC"
"98",97,"Wake Forest",2017,"Dave Clawson",8,"527.21","#9E7E38","ACC"
"99",98,"Wake Forest",2018,"Dave Clawson",7,"525.48","#9E7E38","ACC"
"100",99,"Wake Forest",2019,"Dave Clawson",8,"563.24","#9E7E38","ACC"
"101",100,"UT San Antonio",2015,"Larry Coker",3,"356.37","#002A5C","Conference USA"
"102",101,"UT San Antonio",2016,"Frank Wilson",6,"397.64","#002A5C","Conference USA"
"103",102,"UT San Antonio",2017,"Frank Wilson",6,"291.62","#002A5C","Conference USA"
"104",103,"UT San Antonio",2018,"Frank Wilson",3,"405.20","#002A5C","Conference USA"
"105",104,"UT San Antonio",2019,"Frank Wilson",4,"471.36","#002A5C","Conference USA"
"106",105,"Eastern Michigan",2015,"Chris Creighton",1,"341.36","#00331b","Mid-American"
"107",106,"Eastern Michigan",2016,"Chris Creighton",7,"347.70","#00331b","Mid-American"
"108",107,"Eastern Michigan",2017,"Chris Creighton",5,"292.11","#00331b","Mid-American"
"109",108,"Eastern Michigan",2018,"Chris Creighton",7,"344.06","#00331b","Mid-American"
"110",109,"Eastern Michigan",2019,"Chris Creighton",6,"317.49","#00331b","Mid-American"
"111",110,"Illinois",2015,"Bill Cubit",5,"530.96","#f77329","Big Ten"
"112",111,"Illinois",2016,"Lovie Smith",3,"523.91","#f77329","Big Ten"
"113",112,"Illinois",2017,"Lovie Smith",2,"538.83","#f77329","Big Ten"
"114",113,"Illinois",2018,"Lovie Smith",4,"562.67","#f77329","Big Ten"
"115",114,"Illinois",2019,"Lovie Smith",6,"661.73","#f77329","Big Ten"
"116",115,"Duke",2015,"David Cutcliffe",8,"563.19","#001A57","ACC"
"117",116,"Duke",2016,"David Cutcliffe",4,"599.82","#001A57","ACC"
"118",117,"Duke",2017,"David Cutcliffe",7,"627.62","#001A57","ACC"
"119",118,"Duke",2018,"David Cutcliffe",8,"635.63","#001A57","ACC"
"120",119,"Duke",2019,"David Cutcliffe",5,"633.24","#001A57","ACC"
"121",120,"Michigan State",2015,"Mark Dantonio",12,"715.30","#18453B","Big Ten"
"122",121,"Michigan State",2016,"Mark Dantonio",3,"719.70","#18453B","Big Ten"
"123",122,"Michigan State",2017,"Mark Dantonio",10,"680.94","#18453B","Big Ten"
"124",123,"Michigan State",2018,"Mark Dantonio",7,"658.85","#18453B","Big Ten"
"125",124,"Michigan State",2019,"Mark Dantonio",7,"688.74","#18453B","Big Ten"
"126",125,"New Mexico",2015,"Bob Davie",7,"341.72","#000000","Mountain West"
"127",126,"New Mexico",2016,"Bob Davie",9,"387.26","#000000","Mountain West"
"128",127,"New Mexico",2017,"Bob Davie",3,"344.64","#000000","Mountain West"
"129",128,"New Mexico",2018,"Bob Davie",3,"411.95","#000000","Mountain West"
"130",129,"New Mexico",2019,"Bob Davie",2,"401.90","#000000","Mountain West"
"131",130,"NC State",2015,"Dave Doeren",7,"610.33","#EF1216","ACC"
"132",131,"NC State",2016,"Dave Doeren",7,"616.29","#EF1216","ACC"
"133",132,"NC State",2017,"Dave Doeren",9,"609.76","#EF1216","ACC"
"134",133,"NC State",2018,"Dave Doeren",9,"629.39","#EF1216","ACC"
"135",134,"NC State",2019,"Dave Doeren",4,"668.85","#EF1216","ACC"
"136",135,"Maryland",2015,"Randy Edsall",2,"603.76","#D5002B","Big Ten"
"137",136,"Maryland",2016,"D.J. Durkin",6,"651.99","#D5002B","Big Ten"
"138",137,"Maryland",2017,"D.J. Durkin",4,"696.21","#D5002B","Big Ten"
"139",138,"Maryland",2018,"Matt Canada, Randy Edsall",6,"725.94","#D5002B","Big Ten"
"140",139,"Maryland",2019,"Randy Edsall, Mike Locksley",5,"703.94","#D5002B","Big Ten"
"141",140,"South Carolina",2015,"Shawn Elliott, Steve Spurrier",3,"725.72","#670010","SEC"
"142",141,"South Carolina",2016,"Will Muschamp",6,"706.90","#670010","SEC"
"143",142,"South Carolina",2017,"Will Muschamp",9,"702.52","#670010","SEC"
"144",143,"South Carolina",2018,"Will Muschamp",7,"749.98","#670010","SEC"
"145",144,"South Carolina",2019,"Will Muschamp",4,"762.68","#670010","SEC"
"146",145,"North Carolina",2015,"Larry Fedora",11,"683.03","#99bfe5","ACC"
"147",146,"North Carolina",2016,"Larry Fedora",8,"669.61","#99bfe5","ACC"
"148",147,"North Carolina",2017,"Larry Fedora",3,"697.54","#99bfe5","ACC"
"149",148,"North Carolina",2018,"Larry Fedora",2,"688.48","#99bfe5","ACC"
"150",149,"North Carolina",2019,"Mack Brown",7,"697.75","#99bfe5","ACC"
"151",150,"Iowa",2015,"Kirk Ferentz",12,"573.06","#000000","Big Ten"
"152",151,"Iowa",2016,"Kirk Ferentz",8,"558.73","#000000","Big Ten"
"153",152,"Iowa",2017,"Kirk Ferentz",8,"592.95","#000000","Big Ten"
"154",153,"Iowa",2018,"Kirk Ferentz",9,"615.08","#000000","Big Ten"
"155",154,"Iowa",2019,"Kirk Ferentz",10,"637.65","#000000","Big Ten"
"156",155,"Florida State",2015,"Jimbo Fisher",10,"889.92","#782F40","ACC"
"157",156,"Florida State",2016,"Jimbo Fisher",10,"906.64","#782F40","ACC"
"158",157,"Florida State",2017,"Jimbo Fisher, Odell Haggins",7,"924.97","#782F40","ACC"
"159",158,"Florida State",2018,"Willie Taggart",5,"888.75","#782F40","ACC"
"160",159,"Florida State",2019,"Odell Haggins, Willie Taggart",6,"878.07","#782F40","ACC"
"161",160,"Northwestern",2015,"Pat Fitzgerald",10,"595.75","#372286","Big Ten"
"162",161,"Northwestern",2016,"Pat Fitzgerald",7,"613.55","#372286","Big Ten"
"163",162,"Northwestern",2017,"Pat Fitzgerald",10,"627.54","#372286","Big Ten"
"164",163,"Northwestern",2018,"Pat Fitzgerald",9,"608.89","#372286","Big Ten"
"165",164,"Northwestern",2019,"Pat Fitzgerald",3,"612.62","#372286","Big Ten"
"166",165,"Western Michigan",2015,"P.J. Fleck",8,"442.13","#B59966","Mid-American"
"167",166,"Western Michigan",2016,"P.J. Fleck",13,"443.16","#B59966","Mid-American"
"168",167,"Western Michigan",2017,"Tim Lester",6,"414.35","#B59966","Mid-American"
"169",168,"Western Michigan",2018,"Tim Lester",7,"442.29","#B59966","Mid-American"
"170",169,"Western Michigan",2019,"Tim Lester",7,"452.05","#B59966","Mid-American"
"171",170,"Texas State",2015,"Dennis Franchione",3,"360.49","#4e1719","Sun Belt"
"172",171,"Texas State",2016,"Everett Withers",2,"351.76","#4e1719","Sun Belt"
"173",172,"Texas State",2017,"Everett Withers",2,"274.67","#4e1719","Sun Belt"
"174",173,"Texas State",2018,"Everett Withers, Chris Woods",3,"302.55","#4e1719","Sun Belt"
"175",174,"Texas State",2019,"Jake Spavital",3,"348.47","#4e1719","Sun Belt"
"176",175,"Penn State",2015,"James Franklin",7,"732.36","#00265D","Big Ten"
"177",176,"Penn State",2016,"James Franklin",11,"742.52","#00265D","Big Ten"
"178",177,"Penn State",2017,"James Franklin",11,"779.26","#00265D","Big Ten"
"179",178,"Penn State",2018,"James Franklin",9,"834.24","#00265D","Big Ten"
"180",179,"Penn State",2019,"James Franklin",11,"857.34","#00265D","Big Ten"
"181",180,"Georgia Southern",2015,"Willie Fritz",9,"391.18","#003775","Sun Belt"
"182",181,"Georgia Southern",2016,"Tyson Summers",5,"435.33","#003775","Sun Belt"
"183",182,"Georgia Southern",2017,"Chad Lunsford, Tyson Summers",2,"365.57","#003775","Sun Belt"
"184",183,"Georgia Southern",2018,"Chad Lunsford",10,"303.12","#003775","Sun Belt"
"185",184,"Georgia Southern",2019,"Chad Lunsford",7,"411.80","#003775","Sun Belt"
"186",185,"Memphis",2015,"Justin Fuente",9,"381.80","#002447","American Athletic"
"187",186,"Memphis",2016,"Mike Norvell",8,"451.24","#002447","American Athletic"
"188",187,"Memphis",2017,"Mike Norvell",10,"504.49","#002447","American Athletic"
"189",188,"Memphis",2018,"Mike Norvell",8,"480.07","#002447","American Athletic"
"190",189,"Memphis",2019,"Mike Norvell",12,"551.97","#002447","American Athletic"
"191",190,"Miami",2015,"Al Golden",4,"773.23","#004325","ACC"
"192",191,"Miami",2016,"Mark Richt",9,"745.93","#004325","ACC"
"193",192,"Miami",2017,"Mark Richt",10,"749.08","#004325","ACC"
"194",193,"Miami",2018,"Mark Richt",7,"753.72","#004325","ACC"
"195",194,"Miami",2019,"Manny Diaz",6,"815.12","#004325","ACC"
"196",195,"Arizona State",2015,"Todd Graham",6,"680.87","#942139","Pac-12"
"197",196,"Arizona State",2016,"Todd Graham",5,"694.21","#942139","Pac-12"
"198",197,"Arizona State",2017,"Todd Graham",7,"720.44","#942139","Pac-12"
"199",NA,"Arizona State",2018,"Herman Edwards",7,"687.72","#942139","Pac-12"
"200",198,"Arizona State",2019,"Herman Edwards",8,"686.44","#942139","Pac-12"
"201",199,"Oklahoma State",2015,"Mike Gundy",10,"651.83","#FF6500","Big 12"
"202",200,"Oklahoma State",2016,"Mike Gundy",10,"631.68","#FF6500","Big 12"
"203",201,"Oklahoma State",2017,"Mike Gundy",10,"633.57","#FF6500","Big 12"
"204",202,"Oklahoma State",2018,"Mike Gundy",7,"645.01","#FF6500","Big 12"
"205",203,"Oklahoma State",2019,"Mike Gundy",8,"644.42","#FF6500","Big 12"
"206",204,"Michigan",2015,"Jim Harbaugh",10,"851.12","#00274c","Big Ten"
"207",205,"Michigan",2016,"Jim Harbaugh",10,"852.78","#00274c","Big Ten"
"208",206,"Michigan",2017,"Jim Harbaugh",8,"874.28","#00274c","Big Ten"
"209",207,"Michigan",2018,"Jim Harbaugh",10,"862.35","#00274c","Big Ten"
"210",208,"Michigan",2019,"Jim Harbaugh",9,"853.40","#00274c","Big Ten"
"211",209,"Boise State",2015,"Bryan Harsin",9,"568.96","#09347A","Mountain West"
"212",210,"Boise State",2016,"Bryan Harsin",10,"548.82","#09347A","Mountain West"
"213",211,"Boise State",2017,"Bryan Harsin",11,"501.53","#09347A","Mountain West"
"214",212,"Boise State",2018,"Bryan Harsin",10,"543.43","#09347A","Mountain West"
"215",213,"Boise State",2019,"Bryan Harsin",12,"561.42","#09347A","Mountain West"
"216",214,"Kent State",2015,"Paul Haynes",3,"338.40","#002445","Mid-American"
"217",215,"Kent State",2016,"Paul Haynes",3,"334.01","#002445","Mid-American"
"218",216,"Kent State",2017,"Paul Haynes",2,"288.56","#002445","Mid-American"
"219",NA,"Kent State",2018,"Sean Lewis",2,"351.73","#002445","Mid-American"
"220",217,"Kent State",2017,"Sean Lewis",7,"288.56","#002445","Mid-American"
"221",218,"USC",2015,"Clay Helton",5,"926.71","#AE2531","Pac-12"
"222",219,"USC",2016,"Clay Helton",10,"936.86","#AE2531","Pac-12"
"223",220,"USC",2017,"Clay Helton",11,"934.00","#AE2531","Pac-12"
"224",221,"USC",2018,"Clay Helton",5,"933.65","#AE2531","Pac-12"
"225",222,"USC",2019,"Clay Helton",8,"915.56","#AE2531","Pac-12"
"226",223,"Houston",2015,"Tom Herman",13,"511.45","#C90822","American Athletic"
"227",224,"Houston",2016,"Major Applewhite, Tom Herman",9,"572.70","#C90822","American Athletic"
"228",225,"Houston",2017,"Major Applewhite",7,"558.72","#C90822","American Athletic"
"229",226,"Houston",2018,"Major Applewhite",8,"577.17","#C90822","American Athletic"
"230",227,"Houston",2019,"Dana Holgorsen",4,"597.62","#C90822","American Athletic"
"231",228,"West Virginia",2015,"Dana Holgorsen",8,"625.85","#FFC600","Big 12"
"232",229,"West Virginia",2016,"Dana Holgorsen",10,"654.64","#FFC600","Big 12"
"233",230,"West Virginia",2017,"Dana Holgorsen",7,"613.18","#FFC600","Big 12"
"234",231,"West Virginia",2018,"Dana Holgorsen",8,"646.91","#FFC600","Big 12"
"235",232,"West Virginia",2019,"Neal Brown",5,"639.11","#FFC600","Big 12"
"236",233,"Marshall",2015,"Doc Holliday",10,"489.77","#186329","Conference USA"
"237",234,"Marshall",2016,"Doc Holliday",3,"485.46","#186329","Conference USA"
"238",235,"Marshall",2017,"Doc Holliday",8,"445.48","#186329","Conference USA"
"239",236,"Marshall",2018,"Doc Holliday",9,"451.61","#186329","Conference USA"
"240",237,"Marshall",2019,"Doc Holliday",8,"489.63","#186329","Conference USA"
"241",238,"Louisiana Tech",2015,"Skip Holtz",9,"437.99","#002d65","Conference USA"
"242",239,"Louisiana Tech",2016,"Skip Holtz",9,"451.38","#002d65","Conference USA"
"243",240,"Louisiana Tech",2017,"Skip Holtz",7,"394.31","#002d65","Conference USA"
"244",241,"Louisiana Tech",2018,"Skip Holtz",8,"477.50","#002d65","Conference USA"
"245",242,"Louisiana Tech",2019,"Skip Holtz",10,"501.25","#002d65","Conference USA"
"246",243,"Louisiana",2015,"Mark Hudspeth",4,"430.17","#ce2842","Sun Belt"
"247",244,"Louisiana",2016,"Mark Hudspeth",6,"421.37","#ce2842","Sun Belt"
"248",245,"Louisiana",2017,"Mark Hudspeth",5,"329.24","#ce2842","Sun Belt"
"249",246,"Louisiana",2018,"Billy Napier",7,"376.68","#ce2842","Sun Belt"
"250",247,"Louisiana",2019,"Billy Napier",11,"406.49","#ce2842","Sun Belt"
"251",248,"Georgia Tech",2015,"Paul Johnson",3,"590.34","#00223e","ACC"
"252",249,"Georgia Tech",2016,"Paul Johnson",9,"582.55","#00223e","ACC"
"253",250,"Georgia Tech",2017,"Paul Johnson",5,"574.35","#00223e","ACC"
"254",251,"Georgia Tech",2018,"Paul Johnson",7,"583.49","#00223e","ACC"
"255",252,"Georgia Tech",2019,"Geoff Collins",3,"629.10","#00223e","ACC"
"256",253,"Tennessee",2015,"Butch Jones",9,"810.53","#EE9627","SEC"
"257",254,"Tennessee",2016,"Butch Jones",9,"813.92","#EE9627","SEC"
"258",255,"Tennessee",2017,"Brady Hoke, Butch Jones",4,"817.34","#EE9627","SEC"
"259",256,"Tennessee",2018,"Jeremy Pruitt",5,"826.98","#EE9627","SEC"
"260",257,"Tennessee",2019,"Jeremy Pruitt",8,"830.34","#EE9627","SEC"
"261",258,"South Alabama",2015,"Joey Jones",5,"367.16","#003E7E","Sun Belt"
"262",259,"South Alabama",2016,"Joey Jones",6,"389.36","#003E7E","Sun Belt"
"263",260,"South Alabama",2017,"Joey Jones",4,"387.88","#003E7E","Sun Belt"
"264",261,"South Alabama",2018,"Steve Campbell",3,"394.24","#003E7E","Sun Belt"
"265",262,"South Alabama",2019,"Steve Campbell",2,"381.38","#003E7E","Sun Belt"
"266",263,"Notre Dame",2015,"Brian Kelly",10,"857.33","#00122b","FBS Independents"
"267",264,"Notre Dame",2016,"Brian Kelly",4,"842.35","#00122b","FBS Independents"
"268",265,"Notre Dame",2017,"Brian Kelly",10,"837.71","#00122b","FBS Independents"
"269",266,"Notre Dame",2018,"Brian Kelly",12,"847.85","#00122b","FBS Independents"
"270",267,"Notre Dame",2019,"Brian Kelly",11,"843.29","#00122b","FBS Independents"
"271",268,"Minnesota",2015,"Jerry Kill",4,"516.10","#7F011B","Big Ten"
"272",NA,"Minnesota",2016,"Tracy Claeys",9,"535.44","#7F011B","Big Ten"
"273",269,"Minnesota",2017,"P.J. Fleck",5,"543.80","#7F011B","Big Ten"
"274",270,"Minnesota",2018,"P.J. Fleck",7,"588.97","#7F011B","Big Ten"
"275",271,"Minnesota",2019,"P.J. Fleck",11,"621.36","#7F011B","Big Ten"
"276",272,"Texas Tech",2015,"Kliff Kingsbury",7,"641.07","#C80025","Big 12"
"277",273,"Texas Tech",2016,"Kliff Kingsbury",5,"604.93","#C80025","Big 12"
"278",274,"Texas Tech",2017,"Kliff Kingsbury",6,"574.93","#C80025","Big 12"
"279",275,"Texas Tech",2018,"Kliff Kingsbury",5,"561.59","#C80025","Big 12"
"280",276,"Texas Tech",2019,"Matt Wells",4,"577.21","#C80025","Big 12"
"281",277,"UTEP",2015,"Sean Kugler",5,"256.12","#002843","Conference USA"
"282",278,"UTEP",2016,"Sean Kugler",4,"290.40","#002843","Conference USA"
"283",279,"UTEP",2017,"Sean Kugler, Mike Price",0,"264.42","#002843","Conference USA"
"284",280,"UTEP",2018,"Dana Dimel",1,"345.76","#002843","Conference USA"
"285",281,"UTEP",2019,"Dana Dimel",1,"355.31","#002843","Conference USA"
"286",282,"Charlotte",2015,"Brad Lambert",2,"304.05","#0C562D","Conference USA"
"287",283,"Charlotte",2016,"Brad Lambert",4,"330.55","#0C562D","Conference USA"
"288",284,"Charlotte",2017,"Brad Lambert",1,"283.01","#0C562D","Conference USA"
"289",285,"Charlotte",2018,"Brad Lambert",5,"311.00","#0C562D","Conference USA"
"290",286,"Charlotte",2019,"Will Healy",7,"386.38","#0C562D","Conference USA"
"291",287,"Washington State",2015,"Mike Leach",9,"540.86","#94022a","Pac-12"
"292",288,"Washington State",2016,"Mike Leach",8,"522.58","#94022a","Pac-12"
"293",289,"Washington State",2017,"Mike Leach",9,"549.42","#94022a","Pac-12"
"294",290,"Washington State",2018,"Mike Leach",11,"554.77","#94022a","Pac-12"
"295",291,"Washington State",2019,"Mike Leach",6,"556.27","#94022a","Pac-12"
"296",292,"Buffalo",2015,"Lance Leipold",5,"316.44","#041A9B","Mid-American"
"297",293,"Buffalo",2016,"Lance Leipold",2,"343.64","#041A9B","Mid-American"
"298",294,"Buffalo",2017,"Lance Leipold",6,"294.08","#041A9B","Mid-American"
"299",295,"Buffalo",2018,"Lance Leipold",10,"369.14","#041A9B","Mid-American"
"300",296,"Buffalo",2019,"Lance Leipold",8,"284.74","#041A9B","Mid-American"
"301",297,"San Diego State",2015,"Rocky Long",11,"494.77","#BF2C37","Mountain West"
"302",298,"San Diego State",2016,"Rocky Long",11,"482.31","#BF2C37","Mountain West"
"303",299,"San Diego State",2017,"Rocky Long",10,"419.43","#BF2C37","Mountain West"
"304",300,"San Diego State",2018,"Rocky Long",7,"472.60","#BF2C37","Mountain West"
"305",301,"San Diego State",2019,"Rocky Long",10,"504.19","#BF2C37","Mountain West"
"306",302,"Colorado",2015,"Mike MacIntyre",4,"542.06","#d1c57e","Pac-12"
"307",303,"Colorado",2016,"Mike MacIntyre",10,"526.39","#d1c57e","Pac-12"
"308",304,"Colorado",2017,"Mike MacIntyre",5,"568.59","#d1c57e","Pac-12"
"309",305,"Colorado",2018,"Mike MacIntyre, Kurt Roper",5,"575.65","#d1c57e","Pac-12"
"310",306,"Colorado",2019,"Mel Tucker",5,"614.27","#d1c57e","Pac-12"
"311",307,"Auburn",2015,"Gus Malzahn",7,"865.41","#03244d","SEC"
"312",308,"Auburn",2016,"Gus Malzahn",8,"865.36","#03244d","SEC"
"313",309,"Auburn",2017,"Gus Malzahn",10,"867.43","#03244d","SEC"
"314",310,"Auburn",2018,"Gus Malzahn",8,"827.37","#03244d","SEC"
"315",311,"Auburn",2019,"Gus Malzahn",9,"843.93","#03244d","SEC"
"316",312,"Miami (OH)",2015,"Chuck Martin",3,"397.13","#a4000c","Mid-American"
"317",313,"Miami (OH)",2016,"Chuck Martin",6,"418.04","#a4000c","Mid-American"
"318",314,"Miami (OH)",2017,"Chuck Martin",5,"413.24","#a4000c","Mid-American"
"319",315,"Miami (OH)",2018,"Chuck Martin",6,"421.22","#a4000c","Mid-American"
"320",316,"Miami (OH)",2019,"Chuck Martin",8,"359.14","#a4000c","Mid-American"
"321",317,"New Mexico State",2015,"Doug Martin",3,"251.16","#891216","FBS Independents"
"322",318,"New Mexico State",2016,"Doug Martin",3,"267.66","#891216","FBS Independents"
"323",319,"New Mexico State",2017,"Doug Martin",7,"233.47","#891216","FBS Independents"
"324",320,"New Mexico State",2018,"Doug Martin",3,"249.32","#891216","FBS Independents"
"325",321,"New Mexico State",2019,"Doug Martin",2,"269.79","#891216","FBS Independents"
"326",322,"Vanderbilt",2015,"Derek Mason",4,"609.76","#000000","SEC"
"327",323,"Vanderbilt",2016,"Derek Mason",6,"619.03","#000000","SEC"
"328",324,"Vanderbilt",2017,"Derek Mason",5,"607.68","#000000","SEC"
"329",325,"Vanderbilt",2018,"Derek Mason",6,"611.99","#000000","SEC"
"330",326,"Vanderbilt",2019,"Derek Mason",3,"605.06","#000000","SEC"
"331",327,"North Texas",2015,"Dan McCarney",0,"380.69","#00853D","Conference USA"
"332",328,"North Texas",2016,"Seth Littrell",5,"351.58","#00853D","Conference USA"
"333",329,"North Texas",2017,"Seth Littrell",9,"303.13","#00853D","Conference USA"
"334",330,"North Texas",2018,"Seth Littrell",9,"368.58","#00853D","Conference USA"
"335",331,"North Texas",2019,"Seth Littrell",4,"457.24","#00853D","Conference USA"
"336",332,"Florida",2015,"Jim McElwain",10,"789.79","#0021A5","SEC"
"337",333,"Florida",2016,"Jim McElwain",9,"798.44","#0021A5","SEC"
"338",334,"Florida",2017,"Jim McElwain, Randy Shannon",4,"793.83","#0021A5","SEC"
"339",335,"Florida",2018,"Dan Mullen",10,"831.78","#0021A5","SEC"
"340",336,"Florida",2019,"Dan Mullen",11,"835.68","#0021A5","SEC"
"341",337,"BYU",2015,"Bronco Mendenhall",9,"521.43","#001E4C","FBS Independents"
"342",338,"BYU",2016,"Kalani Sitake",9,"529.05","#001E4C","FBS Independents"
"343",339,"BYU",2017,"Kalani Sitake",4,"574.09","#001E4C","FBS Independents"
"344",340,"BYU",2018,"Kalani Sitake",7,"565.85","#001E4C","FBS Independents"
"345",341,"BYU",2019,"Kalani Sitake",7,"560.78","#001E4C","FBS Independents"
"346",342,"Ohio State",2015,"Urban Meyer",12,"907.32","#DE3121","Big Ten"
"347",343,"Ohio State",2016,"Urban Meyer",11,"902.46","#DE3121","Big Ten"
"348",344,"Ohio State",2017,"Urban Meyer",12,"959.12","#DE3121","Big Ten"
"349",345,"Ohio State",2018,"Ryan Day, Urban Meyer",13,"984.30","#DE3121","Big Ten"
"350",346,"Ohio State",2019,"Ryan Day",13,"973.56","#DE3121","Big Ten"
"351",347,"LSU",2015,"Les Miles",9,"889.37","#22005c","SEC"
"352",348,"LSU",2016,"Les Miles, Ed Orgeron",8,"917.72","#22005c","SEC"
"353",349,"LSU",2017,"Ed Orgeron",9,"907.10","#22005c","SEC"
"354",350,"LSU",2018,"Ed Orgeron",10,"889.91","#22005c","SEC"
"355",351,"LSU",2019,"Ed Orgeron",15,"906.17","#22005c","SEC"
"356",352,"Army",2015,"Jeff Monken",2,"186.45","#ce9c00","FBS Independents"
"357",353,"Army",2016,"Jeff Monken",8,"131.74","#ce9c00","FBS Independents"
"358",354,"Army",2017,"Jeff Monken",10,"88.72","#ce9c00","FBS Independents"
"359",355,"Army",2018,"Jeff Monken",11,"230.75","#ce9c00","FBS Independents"
"360",356,"Army",2019,"Jeff Monken",5,"265.19","#ce9c00","FBS Independents"
"361",357,"Tulsa",2015,"Philip Montgomery",6,"404.03","#004371","American Athletic"
"362",358,"Tulsa",2016,"Philip Montgomery",10,"409.17","#004371","American Athletic"
"363",359,"Tulsa",2017,"Philip Montgomery",2,"422.77","#004371","American Athletic"
"364",360,"Tulsa",2018,"Philip Montgomery",3,"368.14","#004371","American Athletic"
"365",361,"Tulsa",2019,"Philip Montgomery",4,"424.54","#004371","American Athletic"
"366",362,"UCLA",2015,"Jim Mora",8,"793.22","#005C8E","Pac-12"
"367",363,"UCLA",2016,"Jim Mora",4,"819.16","#005C8E","Pac-12"
"368",364,"UCLA",2017,"Jedd Fisch, Jim Mora",6,"830.58","#005C8E","Pac-12"
"369",365,"UCLA",2018,"Chip Kelly",3,"754.31","#005C8E","Pac-12"
"370",366,"UCLA",2019,"Chip Kelly",4,"741.40","#005C8E","Pac-12"
"371",367,"SMU",2015,"Chad Morris",2,"446.83","#E32F38","American Athletic"
"372",368,"SMU",2016,"Chad Morris",5,"474.03","#E32F38","American Athletic"
"373",369,"SMU",2017,"Chad Morris",7,"492.63","#E32F38","American Athletic"
"374",370,"SMU",2018,"Sonny Dykes",5,"485.46","#E32F38","American Athletic"
"375",371,"SMU",2019,"Sonny Dykes",10,"565.15","#E32F38","American Athletic"
"376",372,"Mississippi State",2015,"Dan Mullen",9,"680.06","#762123","SEC"
"377",373,"Mississippi State",2016,"Dan Mullen",6,"679.14","#762123","SEC"
"378",374,"Mississippi State",2017,"Greg Knox, Dan Mullen",9,"701.06","#762123","SEC"
"379",375,"Mississippi State",2018,"Joe Moorhead",8,"729.97","#762123","SEC"
"380",376,"Mississippi State",2019,"Joe Moorhead",6,"732.68","#762123","SEC"
"381",377,"Pittsburgh",2015,"Pat Narduzzi",8,"611.18","#003263","ACC"
"382",378,"Pittsburgh",2016,"Pat Narduzzi",8,"649.85","#003263","ACC"
"383",379,"Pittsburgh",2017,"Pat Narduzzi",5,"660.36","#003263","ACC"
"384",380,"Pittsburgh",2018,"Pat Narduzzi",7,"637.96","#003263","ACC"
"385",381,"Pittsburgh",2019,"Pat Narduzzi",8,"637.95","#003263","ACC"
"386",382,"Navy",2015,"Ken Niumatalolo",11,"306.87","#131630","American Athletic"
"387",383,"Navy",2016,"Ken Niumatalolo",9,"342.77","#131630","American Athletic"
"388",384,"Navy",2017,"Ken Niumatalolo",7,"376.20","#131630","American Athletic"
"389",385,"Navy",2018,"Ken Niumatalolo",3,"349.26","#131630","American Athletic"
"390",386,"Navy",2019,"Ken Niumatalolo",11,"335.40","#131630","American Athletic"
"391",387,"UCF",2015,"George O'Leary",0,"484.54","#000000","American Athletic"
"392",388,"UCF",2016,"Scott Frost",6,"510.27","#000000","American Athletic"
"393",389,"UCF",2017,"Scott Frost",13,"571.52","#000000","American Athletic"
"394",390,"UCF",2018,"Josh Heupel",12,"568.35","#000000","American Athletic"
"395",391,"UCF",2019,"Josh Heupel",10,"598.57","#000000","American Athletic"
"396",392,"TCU",2015,"Gary Patterson",11,"630.38","#3C377D","Big 12"
"397",393,"TCU",2016,"Gary Patterson",6,"665.53","#3C377D","Big 12"
"398",394,"TCU",2017,"Gary Patterson",11,"672.81","#3C377D","Big 12"
"399",395,"TCU",2018,"Gary Patterson",7,"671.88","#3C377D","Big 12"
"400",396,"TCU",2019,"Gary Patterson",5,"691.63","#3C377D","Big 12"
"401",397,"Washington",2015,"Chris Petersen",7,"667.45","#2B2F64","Pac-12"
"402",398,"Washington",2016,"Chris Petersen",12,"699.64","#2B2F64","Pac-12"
"403",399,"Washington",2017,"Chris Petersen",10,"706.52","#2B2F64","Pac-12"
"404",400,"Washington",2018,"Chris Petersen",10,"772.88","#2B2F64","Pac-12"
"405",401,"Washington",2019,"Chris Petersen",8,"801.33","#2B2F64","Pac-12"
"406",402,"Louisville",2015,"Bobby Petrino",8,"641.05","#ad000a","ACC"
"407",403,"Louisville",2016,"Bobby Petrino",9,"654.13","#ad000a","ACC"
"408",404,"Louisville",2017,"Bobby Petrino",8,"640.98","#ad000a","ACC"
"409",405,"Louisville",2018,"Lorenzo Ward",0,"632.22","#ad000a","ACC"
"410",406,"Louisville",2019,"Scott Satterfield",8,"645.84","#ad000a","ACC"
"411",410,"Missouri",2015,"Gary Pinkel",5,"642.93","#000000","SEC"
"412",411,"Missouri",2016,"Barry Odom",4,"633.76","#000000","SEC"
"413",412,"Missouri",2017,"Barry Odom",7,"623.33","#000000","SEC"
"414",413,"Missouri",2018,"Barry Odom",8,"595.14","#000000","SEC"
"415",414,"Missouri",2019,"Barry Odom",6,"642.83","#000000","SEC"
"416",415,"Temple",2015,"Matt Rhule",10,"405.92","#A80532","American Athletic"
"417",416,"Temple",2016,"Matt Rhule",10,"492.72","#A80532","American Athletic"
"418",417,"Temple",2017,"Geoff Collins",7,"468.29","#A80532","American Athletic"
"419",418,"Temple",2018,"Geoff Collins, Ed Foley",8,"478.30","#A80532","American Athletic"
"420",419,"Temple",2019,"Rod Carey",8,"489.03","#A80532","American Athletic"
"421",420,"Georgia",2015,"Mark Richt",9,"877.74","#CC0000","SEC"
"422",421,"Georgia",2016,"Kirby Smart",8,"872.00","#CC0000","SEC"
"423",422,"Georgia",2017,"Kirby Smart",13,"930.34","#CC0000","SEC"
"424",423,"Georgia",2018,"Kirby Smart",11,"964.00","#CC0000","SEC"
"425",424,"Georgia",2019,"Kirby Smart",12,"960.16","#CC0000","SEC"
"426",425,"Nebraska",2015,"Mike Riley",6,"699.89","#F20017","Big Ten"
"427",426,"Nebraska",2016,"Mike Riley",9,"691.61","#F20017","Big Ten"
"428",427,"Nebraska",2017,"Mike Riley",4,"693.46","#F20017","Big Ten"
"429",428,"Nebraska",2018,"Scott Frost",4,"711.22","#F20017","Big Ten"
"430",429,"Nebraska",2019,"Scott Frost",5,"729.47","#F20017","Big Ten"
"431",430,"Arizona",2015,"Rich Rodriguez",7,"606.92","#002449","Pac-12"
"432",431,"Arizona",2016,"Rich Rodriguez",3,"616.31","#002449","Pac-12"
"433",432,"Arizona",2017,"Rich Rodriguez",7,"607.31","#002449","Pac-12"
"434",433,"Arizona",2018,"Kevin Sumlin",5,"580.54","#002449","Pac-12"
"435",434,"Arizona",2019,"Kevin Sumlin",4,"570.07","#002449","Pac-12"
"436",435,"Alabama",2015,"Nick Saban",14,"981.90","#690014","SEC"
"437",436,"Alabama",2016,"Nick Saban",14,"982.66","#690014","SEC"
"438",437,"Alabama",2017,"Nick Saban",13,"997.57","#690014","SEC"
"439",438,"Alabama",2018,"Nick Saban",14,"978.54","#690014","SEC"
"440",439,"Alabama",2019,"Nick Saban",11,"984.96","#690014","SEC"
"441",440,"UNLV",2015,"Tony Sanchez",3,"332.69","#000000","Mountain West"
"442",441,"UNLV",2016,"Tony Sanchez",4,"376.26","#000000","Mountain West"
"443",442,"UNLV",2017,"Tony Sanchez",5,"331.18","#000000","Mountain West"
"444",443,"UNLV",2018,"Tony Sanchez",4,"400.76","#000000","Mountain West"
"445",444,"UNLV",2019,"Tony Sanchez",4,"462.72","#000000","Mountain West"
"446",445,"Appalachian State",2015,"Scott Satterfield",11,"312.88","#000000","Sun Belt"
"447",446,"Appalachian State",2016,"Scott Satterfield",10,"333.36","#000000","Sun Belt"
"448",447,"Appalachian State",2017,"Scott Satterfield",9,"335.87","#000000","Sun Belt"
"449",448,"Appalachian State",2018,"Mark Ivey, Scott Satterfield",11,"356.16","#000000","Sun Belt"
"450",449,"Appalachian State",2019,"Shawn Clark, Eli Drinkwitz",13,"412.32","#000000","Sun Belt"
"451",450,"Stanford",2015,"David Shaw",12,"765.98","#A80532","Pac-12"
"452",451,"Stanford",2016,"David Shaw",10,"778.45","#A80532","Pac-12"
"453",452,"Stanford",2017,"David Shaw",9,"810.31","#A80532","Pac-12"
"454",453,"Stanford",2018,"David Shaw",9,"786.63","#A80532","Pac-12"
"455",454,"Stanford",2019,"David Shaw",4,"787.59","#A80532","Pac-12"
"456",455,"Kansas State",2015,"Bill Snyder",6,"503.64","#633194","Big 12"
"457",456,"Kansas State",2016,"Bill Snyder",9,"505.29","#633194","Big 12"
"458",457,"Kansas State",2017,"Bill Snyder",8,"517.85","#633194","Big 12"
"459",458,"Kansas State",2018,"Bill Snyder",5,"547.43","#633194","Big 12"
"460",459,"Kansas State",2019,"Chris Klieman",8,"543.49","#633194","Big 12"
"461",460,"Ohio",2015,"Frank Solich",8,"330.61","#295A29","Mid-American"
"462",461,"Ohio",2016,"Frank Solich",8,"372.56","#295A29","Mid-American"
"463",462,"Ohio",2017,"Frank Solich",9,"326.14","#295A29","Mid-American"
"464",463,"Ohio",2018,"Frank Solich",9,"346.18","#295A29","Mid-American"
"465",464,"Ohio",2019,"Frank Solich",7,"337.17","#295A29","Mid-American"
"466",465,"Middle Tennessee",2015,"Rick Stockstill",7,"409.82","#0079C2","Conference USA"
"467",466,"Middle Tennessee",2016,"Rick Stockstill",8,"436.60","#0079C2","Conference USA"
"468",467,"Middle Tennessee",2017,"Rick Stockstill",7,"344.65","#0079C2","Conference USA"
"469",468,"Middle Tennessee",2018,"Rick Stockstill",8,"414.19","#0079C2","Conference USA"
"470",469,"Middle Tennessee",2019,"Rick Stockstill",4,"450.79","#0079C2","Conference USA"
"471",470,"Oklahoma",2015,"Bob Stoops",11,"775.90","#7b0000","Big 12"
"472",471,"Oklahoma",2016,"Bob Stoops",11,"777.48","#7b0000","Big 12"
"473",472,"Oklahoma",2017,"Lincoln Riley",12,"801.67","#7b0000","Big 12"
"474",473,"Oklahoma",2018,"Lincoln Riley",12,"843.79","#7b0000","Big 12"
"475",474,"Oklahoma",2019,"Lincoln Riley",12,"869.53","#7b0000","Big 12"
"476",475,"Kentucky",2015,"Mark Stoops",5,"634.52","#005DAA","SEC"
"477",476,"Kentucky",2016,"Mark Stoops",7,"652.07","#005DAA","SEC"
"478",477,"Kentucky",2017,"Mark Stoops",7,"671.45","#005DAA","SEC"
"479",478,"Kentucky",2018,"Mark Stoops",10,"670.27","#005DAA","SEC"
"480",479,"Kentucky",2019,"Mark Stoops",8,"672.74","#005DAA","SEC"
"481",480,"Texas",2015,"Charlie Strong",5,"821.26","#EE7524","Big 12"
"482",481,"Texas",2016,"Charlie Strong",5,"838.97","#EE7524","Big 12"
"483",482,"Texas",2017,"Tom Herman",7,"811.03","#EE7524","Big 12"
"484",483,"Texas",2018,"Tom Herman",10,"861.20","#EE7524","Big 12"
"485",484,"Texas",2019,"Tom Herman",8,"877.91","#EE7524","Big 12"
"486",485,"Texas A&M",2015,"Kevin Sumlin",8,"830.34","#5C0025","SEC"
"487",486,"Texas A&M",2016,"Kevin Sumlin",8,"814.63","#5C0025","SEC"
"488",487,"Texas A&M",2017,"Jeff Banks, Kevin Sumlin",7,"807.27","#5C0025","SEC"
"489",488,"Texas A&M",2018,"Jimbo Fisher",9,"805.66","#5C0025","SEC"
"490",489,"Texas A&M",2019,"Jimbo Fisher",8,"848.89","#5C0025","SEC"
"491",490,"Clemson",2015,"Dabo Swinney",14,"807.56","#F66733","ACC"
"492",491,"Clemson",2016,"Dabo Swinney",14,"846.00","#F66733","ACC"
"493",492,"Clemson",2017,"Dabo Swinney",12,"853.65","#F66733","ACC"
"494",493,"Clemson",2018,"Dabo Swinney",15,"893.21","#F66733","ACC"
"495",494,"Clemson",2019,"Dabo Swinney",14,"863.03","#F66733","ACC"
"496",495,"South Florida",2015,"Willie Taggart",8,"529.65","#004A36","American Athletic"
"497",496,"South Florida",2016,"Willie Taggart",10,"563.99","#004A36","American Athletic"
"498",497,"South Florida",2017,"Charlie Strong",10,"554.17","#004A36","American Athletic"
"499",498,"South Florida",2018,"Charlie Strong",7,"548.62","#004A36","American Athletic"
"500",499,"South Florida",2019,"Charlie Strong",4,"559.66","#004A36","American Athletic"
"501",500,"Cincinnati",2015,"Tommy Tuberville",7,"494.65","#000000","American Athletic"
"502",501,"Cincinnati",2016,"Tommy Tuberville",4,"541.58","#000000","American Athletic"
"503",502,"Cincinnati",2017,"Luke Fickell",4,"500.95","#000000","American Athletic"
"504",503,"Cincinnati",2018,"Luke Fickell",11,"543.78","#000000","American Athletic"
"505",504,"Cincinnati",2019,"Luke Fickell",11,"576.61","#000000","American Athletic"
"506",505,"Florida International",2015,"Ron Turner",5,"360.11","#001538","Conference USA"
"507",506,"Florida International",2016,"Ron Turner",0,"362.84","#001538","Conference USA"
"508",507,"Florida International",2017,"Butch Davis",8,"334.18","#001538","Conference USA"
"509",508,"Florida International",2018,"Butch Davis",9,"476.52","#001538","Conference USA"
"510",509,"Florida International",2019,"Butch Davis",6,"532.88","#001538","Conference USA"
"511",510,"Utah State",2015,"Matt Wells",6,"331.44","#003263","Mountain West"
"512",511,"Utah State",2016,"Matt Wells",3,"357.13","#003263","Mountain West"
"513",512,"Utah State",2017,"Matt Wells",6,"330.20","#003263","Mountain West"
"514",513,"Utah State",2018,"Frank Maile, Matt Wells",11,"377.39","#003263","Mountain West"
"515",NA,"Utah State",2019,"Gary Andersen",7,"424.16","#003263","Mountain West"
"516",514,"UMass",2015,"Mark Whipple",3,"323.73","#880007","FBS Independents"
"517",515,"UMass",2016,"Mark Whipple",2,"370.90","#880007","FBS Independents"
"518",516,"UMass",2017,"Mark Whipple",4,"367.59","#880007","FBS Independents"
"519",517,"UMass",2018,"Mark Whipple",4,"388.91","#880007","FBS Independents"
"520",518,"UMass",2019,"Walt Bell",1,"358.88","#880007","FBS Independents"
"521",519,"Utah",2015,"Kyle Whittingham",10,"574.41","#890012","Pac-12"
"522",520,"Utah",2016,"Kyle Whittingham",9,"580.07","#890012","Pac-12"
"523",521,"Utah",2017,"Kyle Whittingham",7,"630.95","#890012","Pac-12"
"524",522,"Utah",2018,"Kyle Whittingham",9,"594.60","#890012","Pac-12"
"525",523,"Utah",2019,"Kyle Whittingham",11,"620.35","#890012","Pac-12"
"526",524,"Old Dominion",2015,"Bobby Wilder",5,"319.60","#00507d","Conference USA"
"527",525,"Old Dominion",2016,"Bobby Wilder",10,"347.20","#00507d","Conference USA"
"528",526,"Old Dominion",2017,"Bobby Wilder",5,"331.20","#00507d","Conference USA"
"529",527,"Old Dominion",2018,"Bobby Wilder",4,"333.18","#00507d","Conference USA"
"530",528,"Old Dominion",2019,"Bobby Wilder",1,"374.74","#00507d","Conference USA"
"531",NA,"Indiana",2015,"Kevin Wilson",6,"559.08","#7D110C","Big Ten"
"532",529,"Indiana",2016,"Tom Allen, Kevin Wilson",6,"565.47","#7D110C","Big Ten"
"533",530,"Indiana",2017,"Tom Allen",5,"547.92","#7D110C","Big Ten"
"534",531,"Indiana",2018,"Tom Allen",5,"564.04","#7D110C","Big Ten"
"535",532,"Indiana",2019,"Tom Allen",8,"603.81","#7D110C","Big Ten"
"536",NA,"Rutgers",2015,"Kyle Flood, Norries Wilson",4,"602.35","#d21034","Big Ten"
"537",533,"Rutgers",2016,"Chris Ash",2,"585.47","#d21034","Big Ten"
"538",534,"Rutgers",2017,"Chris Ash",4,"574.78","#d21034","Big Ten"
"539",535,"Rutgers",2018,"Chris Ash",1,"555.24","#d21034","Big Ten"
"540",536,"Rutgers",2019,"Chris Ash, Nunzio Campanile",2,"587.28","#d21034","Big Ten"
"541",NA,"Syracuse",2015,"Scott Shafer",4,"508.80","#F37321","ACC"
"542",537,"Syracuse",2016,"Dino Babers",4,"520.26","#F37321","ACC"
"543",538,"Syracuse",2017,"Dino Babers",4,"539.60","#F37321","ACC"
"544",539,"Syracuse",2018,"Dino Babers",10,"570.20","#F37321","ACC"
"545",540,"Syracuse",2019,"Dino Babers",5,"574.82","#F37321","ACC"
"546",NA,"Iowa State",2015,"Paul Rhoads",3,"529.12","#660015","Big 12"
"547",541,"Iowa State",2016,"Matt Campbell",3,"552.17","#660015","Big 12"
"548",542,"Iowa State",2017,"Matt Campbell",8,"559.34","#660015","Big 12"
"549",543,"Iowa State",2018,"Matt Campbell",8,"575.76","#660015","Big 12"
"550",544,"Iowa State",2019,"Matt Campbell",7,"597.15","#660015","Big 12"
"551",NA,"Tulane",2015,"Curtis Johnson",3,"408.22","#005837","American Athletic"
"552",545,"Tulane",2016,"Willie Fritz",4,"388.04","#005837","American Athletic"
"553",546,"Tulane",2017,"Willie Fritz",5,"396.43","#005837","American Athletic"
"554",547,"Tulane",2018,"Willie Fritz",7,"445.36","#005837","American Athletic"
"555",548,"Tulane",2019,"Willie Fritz",7,"486.98","#005837","American Athletic"
"556",NA,"Southern Mississippi",2015,"Todd Monken",9,"470.84","#FFAA3C","Conference USA"
"557",549,"Southern Mississippi",2016,"Jay Hopson",7,"441.29","#FFAA3C","Conference USA"
"558",550,"Southern Mississippi",2017,"Jay Hopson",8,"394.24","#FFAA3C","Conference USA"
"559",551,"Southern Mississippi",2018,"Jay Hopson",6,"387.32","#FFAA3C","Conference USA"
"560",552,"Southern Mississippi",2019,"Jay Hopson",7,"456.29","#FFAA3C","Conference USA"
"561",NA,"Virginia",2015,"Mike London",4,"667.05","#00204e","ACC"
"562",553,"Virginia",2016,"Bronco Mendenhall",2,"618.91","#00204e","ACC"
"563",554,"Virginia",2017,"Bronco Mendenhall",6,"603.88","#00204e","ACC"
"564",555,"Virginia",2018,"Bronco Mendenhall",8,"542.40","#00204e","ACC"
"565",556,"Virginia",2019,"Bronco Mendenhall",9,"580.28","#00204e","ACC"
"566",NA,"East Carolina",2015,"Ruffin McNeill",5,"403.62","#4b1869","American Athletic"
"567",557,"East Carolina",2016,"Scottie Montgomery",3,"442.26","#4b1869","American Athletic"
"568",558,"East Carolina",2017,"Scottie Montgomery",3,"471.10","#4b1869","American Athletic"
"569",559,"East Carolina",2018,"David Blackwell, Scottie Montgomery",3,"434.48","#4b1869","American Athletic"
"570",560,"East Carolina",2019,"Mike Houston",4,"468.23","#4b1869","American Athletic"
"571",NA,"Ball State",2015,"Pete Lembo",3,"349.94","#DA0000","Mid-American"
"572",561,"Ball State",2016,"Mike Neu",4,"365.94","#DA0000","Mid-American"
"573",562,"Ball State",2017,"Mike Neu",2,"318.17","#DA0000","Mid-American"
"574",563,"Ball State",2018,"Mike Neu",4,"362.10","#DA0000","Mid-American"
"575",564,"Ball State",2019,"Mike Neu",5,"327.92","#DA0000","Mid-American"
"576",NA,"Hawai'i",2015,"Norm Chow, Chris Naeole",3,"385.63","#003420","Mountain West"
"577",565,"Hawai'i",2016,"Nick Rolovich",7,"384.97","#003420","Mountain West"
"578",566,"Hawai'i",2017,"Nick Rolovich",3,"330.56","#003420","Mountain West"
"579",567,"Hawai'i",2018,"Nick Rolovich",8,"343.97","#003420","Mountain West"
"580",568,"Hawai'i",2019,"Nick Rolovich",10,"420.99","#003420","Mountain West"
"581",NA,"Louisiana Monroe",2015,"Todd Berry, John Mumford",2,"292.73","#231F20","Sun Belt"
"582",569,"Louisiana Monroe",2016,"Matt Viator",4,"322.82","#231F20","Sun Belt"
"583",570,"Louisiana Monroe",2017,"Matt Viator",4,"303.96","#231F20","Sun Belt"
"584",571,"Louisiana Monroe",2018,"Matt Viator",6,"326.66","#231F20","Sun Belt"
"585",572,"Louisiana Monroe",2019,"Matt Viator",5,"346.03","#231F20","Sun Belt"
"586",NA,"San Jos<e9> State",2015,"Ron Caragher",6,NA,NA,NA
"587",NA,"San Jos<e9> State",2016,"Ron Caragher",4,NA,NA,NA
"588",573,"San Jos<e9> State",2017,"Brent Brennan",2,NA,NA,NA
"589",574,"San Jos<e9> State",2018,"Brent Brennan",1,NA,NA,NA
"590",575,"San Jos<e9> State",2019,"Brent Brennan",5,NA,NA,NA
"591",NA,"Purdue",2015,"Darrell Hazell",2,"534.26","#B89D29","Big Ten"
"592",NA,"Purdue",2016,"Darrell Hazell, Gerad Parker",3,"512.72","#B89D29","Big Ten"
"593",576,"Purdue",2017,"Jeff Brohm",7,"502.71","#B89D29","Big Ten"
"594",577,"Purdue",2018,"Jeff Brohm",6,"520.48","#B89D29","Big Ten"
"595",578,"Purdue",2019,"Jeff Brohm",4,"607.40","#B89D29","Big Ten"
"596",NA,"Coastal Carolina",2015,"Joe Moglia",9,"41.50","#007073","Sun Belt"
"597",NA,"Coastal Carolina",2016,"Joe Moglia",10,"71.67","#007073","Sun Belt"
"598",579,"Coastal Carolina",2017,"Jamey Chadwell",3,"119.43","#007073","Sun Belt"
"599",580,"Coastal Carolina",2018,"Joe Moglia",5,"284.24","#007073","Sun Belt"
"600",581,"Coastal Carolina",2019,"Jamey Chadwell",5,"305.73","#007073","Sun Belt"
"601",582,"UAB",2017,"Bill Clark",8,"170.05","#003b28","Conference USA"
"602",583,"UAB",2018,"Bill Clark",11,"387.71","#003b28","Conference USA"
"603",584,"UAB",2019,"Bill Clark",9,"441.81","#003b28","Conference USA"
"604",NA,"Connecticut",2015,"Bob Diaco",6,"402.23","#001d40","American Athletic"
"605",NA,"Connecticut",2016,"Bob Diaco",3,"423.56","#001d40","American Athletic"
"606",585,"Connecticut",2017,"Randy Edsall",3,"420.17","#001d40","American Athletic"
"607",NA,"Connecticut",2018,"Randy Edsall",1,"389.20","#001d40","American Athletic"
"608",585,"Connecticut",2019,"Randy Edsall",2,"412.55","#001d40","American Athletic"
"609",NA,"Georgia State",2015,"Trent Miles",6,"335.67","#1e539a","Sun Belt"
"610",NA,"Georgia State",2016,"Trent Miles, Tim Lappano",3,"321.79","#1e539a","Sun Belt"
"611",586,"Georgia State",2017,"Shawn Elliott",7,"364.16","#1e539a","Sun Belt"
"612",587,"Georgia State",2018,"Shawn Elliott",2,"404.34","#1e539a","Sun Belt"
"613",588,"Georgia State",2019,"Shawn Elliott",7,"369.05","#1e539a","Sun Belt"
"614",NA,"Florida Atlantic",2015,"Charlie Partridge",3,"401.61","#004B85","Conference USA"
"615",NA,"Florida Atlantic",2016,"Charlie Partridge",3,"408.40","#004B85","Conference USA"
"616",589,"Florida Atlantic",2017,"Lane Kiffin",11,"470.88","#004B85","Conference USA"
"617",590,"Florida Atlantic",2018,"Lane Kiffin",5,"537.93","#004B85","Conference USA"
"618",591,"Florida Atlantic",2019,"Lane Kiffin",11,"524.02","#004B85","Conference USA"
"619",NA,"Ole Miss",2015,"Hugh Freeze",10,"764.34","#001148","SEC"
"620",NA,"Ole Miss",2016,"Hugh Freeze",0,"808.15","#001148","SEC"
"621",592,"Ole Miss",2017,"Matt Luke",6,"795.70","#001148","SEC"
"622",593,"Ole Miss",2018,"Matt Luke",5,"734.00","#001148","SEC"
"623",594,"Ole Miss",2019,"Matt Luke",4,"717.92","#001148","SEC"
"624",NA,"Nevada",2015,"Brian Polian",7,"380.53","#153E5F","Mountain West"
"625",NA,"Nevada",2016,"Brian Polian",5,"389.56","#153E5F","Mountain West"
"626",595,"Nevada",2017,"Jay Norvell",3,"341.11","#153E5F","Mountain West"
"627",596,"Nevada",2018,"Jay Norvell",8,"432.40","#153E5F","Mountain West"
"628",597,"Nevada",2019,"Jay Norvell",7,"461.96","#153E5F","Mountain West"
"629",NA,"Oregon",2015,"Mark Helfrich",9,"757.52","#044520","Pac-12"
"630",NA,"Oregon",2016,"Mark Helfrich",4,"738.29","#044520","Pac-12"
"631",598,"Oregon",2017,"Willie Taggart, Mario Cristobal",7,"720.23","#044520","Pac-12"
"632",599,"Oregon",2018,"Mario Cristobal",9,"695.81","#044520","Pac-12"
"633",600,"Oregon",2019,"Mario Cristobal",12,"817.70","#044520","Pac-12"
"634",NA,"Fresno State",2015,"Tim DeRuyter",3,"402.58","#c41230","Mountain West"
"635",NA,"Fresno State",2016,"Tim DeRuyter, Eric Kiesau",1,"404.97","#c41230","Mountain West"
"636",601,"Fresno State",2017,"Jeff Tedford",10,"374.63","#c41230","Mountain West"
"637",602,"Fresno State",2018,"Jeff Tedford",12,"459.07","#c41230","Mountain West"
"638",603,"Fresno State",2019,"Jeff Tedford",4,"482.79","#c41230","Mountain West"
"639",NA,"California",2015,"Sonny Dykes",8,"626.00","#031522","Pac-12"
"640",NA,"California",2016,"Sonny Dykes",5,"601.17","#031522","Pac-12"
"641",604,"California",2017,"Justin Wilcox",5,"603.06","#031522","Pac-12"
"642",605,"California",2018,"Justin Wilcox",7,"596.08","#031522","Pac-12"
"643",606,"California",2019,"Justin Wilcox",8,"611.58","#031522","Pac-12"
"644",607,"Liberty",2018,"Turner Gill",6,"93.99","#071740","FBS Independents"
"645",608,"Liberty",2019,"Hugh Freeze",8,"153.48","#071740","FBS Independents"
